GRAFO,ENERGIA,PORTAIS,TAM,DIJ,AES,TIME_GRAFO,TIME_DIJ,TIME_AES,DENS
0,56.388199,2,5,0,0,2173.000000,995.000000,346.000000,1
1,56.388199,2,5,1,0,253.000000,354.000000,502.000000,1
0,228.706219,5,10,0,0,4988.000001,545.000000,257.000000,0
1,228.706219,5,10,1,0,718.000000,231.000000,214.000000,0
0,1299.853363,11,15,0,0,16389.000003,555.000000,253.000000,1
1,1299.853363,11,15,1,0,3225.000001,244.000000,214.000000,1
0,557.417926,18,20,0,0,26046.000004,442.000000,336.000000,0
1,557.417926,18,20,1,0,5116.000001,285.000000,254.000000,0
0,6165.431565,5,25,0,0,61868.000007,519.000000,1922.000000,1
1,6165.431565,5,25,1,0,13306.000002,257.000000,241.000000,1
0,2516.135465,15,30,0,0,83819.000010,778.000000,306.000000,0
1,2516.135465,15,30,1,0,18252.000003,265.000000,252.000000,0
0,4222.765984,173,35,0,0,139476.000030,519.000000,272.000000,1
1,4222.765984,173,35,1,0,30657.000007,293.000000,293.000000,1
0,6904.447488,2,40,0,0,181886.000034,576.000000,412.000000,0
1,6904.447488,2,40,1,0,39813.000008,267.000000,297.000000,0
0,22596.056055,160,45,0,0,304377.000061,710.000000,433.000000,1
1,22596.056055,160,45,1,0,65626.000014,364.000000,363.000000,1
0,4493.651099,13,50,0,0,378231.000065,773.000000,515.000000,0
1,4493.651099,13,50,1,0,80905.000015,474.000000,408.000000,0
0,23199.497104,397,55,0,0,547631.000132,933.000000,512.000000,1
1,23199.497104,397,55,1,0,119719.000027,3538.000000,916.000000,1
0,8273.562955,84,60,0,0,653447.000142,713.000000,450.000000,0
1,8273.562955,84,60,1,0,140139.000029,413.000000,397.000000,0
0,41400.964119,253,65,0,0,955594.000232,3104.000000,1411.000000,1
1,41400.964119,253,65,1,0,191093.000042,527.000000,782.000000,1
0,6544.096219,60,70,0,0,1103552.000293,1929.000000,1514.000000,0
1,6544.096219,60,70,1,0,215369.000052,869.000000,1047.000000,0
0,44657.297357,597,75,0,0,1628567.000460,2266.000000,814.000000,1
1,44657.297357,597,75,1,0,296982.000076,635.000000,1069.000000,1
0,15938.011469,13,80,0,0,1871055.000475,691.000000,425.000000,0
1,15938.011469,13,80,1,0,335601.000078,376.000000,591.000000,0
0,45527.279066,81,85,0,0,2678006.000627,20797.000000,817.000000,1
1,45527.279066,81,85,1,0,440502.000098,875.000000,919.000000,1
0,24673.853005,139,90,0,0,3012649.000666,1029.000000,541.000000,0
1,24673.853005,139,90,1,0,485357.000105,585.000000,871.000000,0
0,31562.530906,1424,95,0,0,3865173.001060,1709.000000,506.000000,1
1,31562.530906,1424,95,1,0,630451.000152,699.000000,444.000000,1
0,47850.017093,192,100,0,0,4384767.001095,1730.000000,2230.000000,0
1,47850.017093,192,100,1,0,692969.000158,1043.000000,921.000000,0
0,139327.229911,62,105,0,0,5903789.001234,1991.000000,1084.000000,1
1,139327.229911,62,105,1,0,869613.000175,733.000000,781.000000,1
0,51677.289544,22,110,0,0,6371669.001395,1082.000000,641.000000,0
1,51677.289544,22,110,1,0,931329.000194,616.000000,608.000000,0
0,166272.864760,696,115,0,0,8139076.001665,1527.000000,955.000000,1
1,166272.864760,696,115,1,0,1126034.000229,654.000000,606.000000,1
0,26482.085709,1,120,0,0,8950868.001680,916.000000,738.000000,0
1,26482.085709,1,120,1,0,1218206.000231,602.000000,767.000000,0
0,97608.168132,832,125,0,0,11684567.001841,1677.000000,39838.000000,1
1,97608.168132,832,125,1,0,1498802.000251,568.000000,542.000000,1
0,54898.821575,115,130,0,0,12802304.001882,1478.000000,1301.000000,0
1,54898.821575,115,130,1,0,1624379.000255,779.000000,939.000000,0
0,106073.464423,2833,135,0,0,15618291.002456,1924.000000,1104.000000,1
1,106073.464423,2833,135,1,0,1932971.000323,3155.000000,660.000000,1
0,98206.535465,191,140,0,0,16770710.002609,1648.000000,943.000000,0
1,98206.535465,191,140,1,0,2084631.000342,756.000000,842.000000,0
0,175213.498863,1651,145,0,0,20212806.004381,4528.000000,836.000000,1
1,175213.498863,1651,145,1,0,2407911.000514,703.000000,731.000000,1
0,97196.093667,61,150,0,0,22055641.004394,1766.000000,1012.000000,0
1,97196.093667,61,150,1,0,2582280.000516,759.000000,808.000000,0
0,225714.953033,26,155,0,0,27005019.004905,5494.000000,973.000000,1
1,225714.953033,26,155,1,0,2984049.000616,674.000000,2570.000000,1
0,89309.747381,44,160,0,0,29919728.004945,1740.000000,1137.000000,0
1,89309.747381,44,160,1,0,3238102.000621,1327.000000,763.000000,0
0,202206.798894,2225,165,0,0,34773549.006404,2559.000000,3627.000000,1
1,202206.798894,2225,165,1,0,3616514.000751,619.000000,863.000000,1
0,91024.984556,1877,170,0,0,37691185.006892,2001.000000,937.000000,0
1,91024.984556,1877,170,1,0,3896105.000802,875.000000,766.000000,0
0,203962.053582,66,175,0,0,46041061.006942,5255.000000,903.000000,1
1,203962.053582,66,175,1,0,4514982.000807,700.000000,2165.000000,1
0,139821.905533,1652,180,0,0,48985268.007654,2613.000000,975.000000,0
1,139821.905533,1652,180,1,0,4815863.000929,1125.000000,791.000000,0
0,128190.493817,3255,185,0,0,56822022.009165,5517.000000,893.000000,1
1,128190.493817,3255,185,1,0,5399119.001056,2811.000000,771.000000,1
0,127214.556575,967,190,0,0,59971863.009658,2279.000000,1809.000000,0
1,127214.556575,967,190,1,0,5644689.001102,1387.000000,1215.000000,0
0,188223.073515,1777,195,0,0,71469670.010236,48207.000000,868.000000,1
1,188223.073515,1777,195,1,0,6425001.001146,2097.000000,765.000000,1
0,193.966851,0,5,0,0,2346.000000,957.000000,342.000000,1
1,193.966851,0,5,1,0,294.000000,367.000000,275.000000,1
0,192.065166,1,10,0,0,5082.000000,563.000000,236.000000,0
1,192.065166,1,10,1,0,739.000000,219.000000,257.000000,0
0,2213.945490,41,15,0,0,13538.000004,532.000000,228.000000,1
1,2213.945490,41,15,1,0,2655.000001,195.000000,200.000000,1
0,1602.279223,28,20,0,0,22175.000006,377.000000,365.000000,0
1,1602.279223,28,20,1,0,4272.000002,1863.000000,235.000000,0
0,4245.070067,0,25,0,0,55885.000009,487.000000,256.000000,1
1,4245.070067,0,25,1,0,11904.000002,261.000000,231.000000,1
0,4016.041249,6,30,0,0,82044.000010,521.000000,270.000000,0
1,4016.041249,6,30,1,0,16774.000002,268.000000,267.000000,0
0,8150.085649,5,35,0,0,152916.000014,507.000000,303.000000,1
1,8150.085649,5,35,1,0,32708.000004,260.000000,302.000000,1
0,2207.834238,59,40,0,0,198466.000022,2346.000000,311.000000,0
1,2207.834238,59,40,1,0,41197.000005,272.000000,316.000000,0
0,8325.473750,0,45,0,0,368147.000022,683.000000,411.000000,1
1,8325.473750,0,45,1,0,70517.000005,359.000000,58126.000000,1
0,14611.396283,1,50,0,0,458192.000023,794.000000,495.000000,0
1,14611.396283,1,50,1,0,86578.000006,425.000000,41907.000000,0
0,33333.433353,7,55,0,0,756054.000024,1698.000000,802.000000,1
1,33333.433353,7,55,1,0,134769.000006,445.000000,641.000000,1
0,15941.907545,34,60,0,0,876238.000036,1092.000000,692.000000,0
1,15941.907545,34,60,1,0,155017.000008,370.000000,401.000000,0
0,52932.425283,2,65,0,0,1304596.000044,1338.000000,695.000000,1
1,52932.425283,2,65,1,0,218461.000009,394.000000,559.000000,1
0,13239.779159,119,70,0,0,1500685.000075,694.000000,400.000000,0
1,13239.779159,119,70,1,0,243624.000014,371.000000,472.000000,0
0,44180.186294,138,75,0,0,2244157.000117,2766.000000,2202.000000,1
1,44180.186294,138,75,1,0,333740.000020,441.000000,648.000000,1
0,35189.860487,30,80,0,0,2502156.000137,1163.000000,610.000000,0
1,35189.860487,30,80,1,0,370750.000024,667.000000,814.000000,0
0,88391.868919,88,85,0,0,3567185.000187,1356.000000,807.000000,1
1,88391.868919,88,85,1,0,540325.000030,822.000000,464.000000,1
0,29701.439703,10,90,0,0,3976719.000190,1446.000000,814.000000,0
1,29701.439703,10,90,1,0,602003.000031,587.000000,483.000000,0
0,97322.718423,327,95,0,0,5200212.000345,1552.000000,689.000000,1
1,97322.718423,327,95,1,0,743705.000049,677.000000,489.000000,1
0,19401.356091,677,100,0,0,5540444.000445,964.000000,617.000000,0
1,19401.356091,677,100,1,0,790991.000065,513.000000,779.000000,0
0,56456.236611,72,105,0,0,7205778.000589,1997.000000,6403.000000,1
1,56456.236611,72,105,1,0,987456.000083,620.000000,578.000000,1
0,45170.756652,196,110,0,0,7841849.000639,1070.000000,887.000000,0
1,45170.756652,196,110,1,0,1058911.000089,37099.000000,546.000000,0
0,81585.713281,1310,115,0,0,9932474.000894,1380.000000,739.000000,1
1,81585.713281,1310,115,1,0,1272419.000121,515.000000,488.000000,1
0,44016.629091,392,120,0,0,10653909.000984,976.000000,856.000000,0
1,44016.629091,392,120,1,0,1354405.000131,567.000000,39861.000000,0
0,108245.237649,1650,125,0,0,12750575.001654,1437.000000,2857.000000,1
1,108245.237649,1650,125,1,0,1630423.000204,623.000000,491.000000,1
0,59326.496515,257,130,0,0,13543450.001892,1455.000000,961.000000,0
1,59326.496515,257,130,1,0,1715484.000226,632.000000,593.000000,0
0,125076.054505,60,135,0,0,17235183.002246,2054.000000,654.000000,1
1,125076.054505,60,135,1,0,2081808.000264,2514.000000,548.000000,1
0,62534.847532,150,140,0,0,18670443.002279,1969.000000,877.000000,0
1,62534.847532,150,140,1,0,2236153.000268,713.000000,651.000000,0
0,90496.231071,2503,145,0,0,22060324.003037,3450.000000,632.000000,1
1,90496.231071,2503,145,1,0,2536335.000350,594.000000,701.000000,1
0,95888.883727,442,150,0,0,23654912.003188,1799.000000,826.000000,0
1,95888.883727,442,150,1,0,2760982.000370,701.000000,712.000000,0
0,124520.632257,438,155,0,0,28831004.003660,3548.000000,742.000000,1
1,124520.632257,438,155,1,0,3154403.000413,640.000000,1592.000000,1
0,97343.239338,1568,160,0,0,31327479.004038,1529.000000,960.000000,0
1,97343.239338,1568,160,1,0,3380106.000448,766.000000,663.000000,0
0,214395.002197,3717,165,0,0,36746862.005193,2646.000000,3486.000000,1
1,214395.002197,3717,165,1,0,3811346.000550,663.000000,596.000000,1
0,136032.825625,1,170,0,0,40803662.005193,3122.000000,1394.000000,0
1,136032.825625,1,170,1,0,4129084.000550,1220.000000,1134.000000,0
0,85289.785632,2898,175,0,0,47800281.006721,4007.000000,771.000000,1
1,85289.785632,2898,175,1,0,4657670.000676,707.000000,1618.000000,1
0,56533.360239,58,180,0,0,52413970.006752,1709.000000,861.000000,0
1,56533.360239,58,180,1,0,4973809.000678,851.000000,723.000000,0
0,184248.155084,1224,185,0,0,61217293.007928,4498.000000,783.000000,1
1,184248.155084,1224,185,1,0,5553712.000774,2288.000000,736.000000,1
0,42160.642816,2656,190,0,0,64792014.008653,1944.000000,6227.000000,0
1,42160.642816,2656,190,1,0,5809889.000833,868.000000,729.000000,0
0,377607.392803,2181,195,0,0,73678056.010907,4870.000000,38796.000000,1
1,377607.392803,2181,195,1,0,6450458.000998,39703.000000,759.000000,1
0,117.610565,2,5,0,0,2124.000000,1113.000000,333.000000,1
1,117.610565,2,5,1,0,292.000000,332.000000,281.000000,1
0,287.635825,4,10,0,0,4746.000001,535.000000,251.000000,0
1,287.635825,4,10,1,0,729.000000,243.000000,216.000000,0
0,2424.469222,8,15,0,0,17265.000001,511.000000,215.000000,1
1,2424.469222,8,15,1,0,3303.000000,224.000000,218.000000,1
0,677.669492,3,20,0,0,28204.000002,450.000000,324.000000,0
1,677.669492,3,20,1,0,5522.000000,286.000000,241.000000,0
0,6198.586369,13,25,0,0,59954.000007,479.000000,266.000000,1
1,6198.586369,13,25,1,0,12847.000002,257.000000,224.000000,1
0,1566.594986,1,30,0,0,82911.000009,469.000000,251.000000,0
1,1566.594986,1,30,1,0,17872.000003,226.000000,226.000000,0
0,9674.438596,35,35,0,0,162039.000014,587.000000,292.000000,1
1,9674.438596,35,35,1,0,35189.000004,275.000000,284.000000,1
0,5068.764093,37,40,0,0,203643.000019,588.000000,296.000000,0
1,5068.764093,37,40,1,0,43648.000005,263.000000,255.000000,0
0,23579.317969,64,45,0,0,351502.000035,818.000000,426.000000,1
1,23579.317969,64,45,1,0,71718.000008,361.000000,385.000000,1
0,5481.367399,54,50,0,0,420080.000045,739.000000,472.000000,0
1,5481.367399,54,50,1,0,85443.000010,427.000000,368.000000,0
0,24992.306894,11,55,0,0,659467.000064,978.000000,610.000000,1
1,24992.306894,11,55,1,0,131402.000014,509.000000,664.000000,1
0,14812.955943,127,60,0,0,776246.000082,700.000000,507.000000,0
1,14812.955943,127,60,1,0,150988.000018,387.000000,366.000000,0
0,34260.040727,25,65,0,0,1265132.000090,1576.000000,600.000000,1
1,34260.040727,25,65,1,0,220697.000018,507.000000,572.000000,1
0,7486.916820,233,70,0,0,1383249.000132,936.000000,863.000000,0
1,7486.916820,233,70,1,0,241842.000027,503.000000,677.000000,0
0,71519.789784,24,75,0,0,2145748.000162,2198.000000,668.000000,1
1,71519.789784,24,75,1,0,346907.000033,592.000000,387.000000,1
0,13508.877757,239,80,0,0,2370148.000190,830.000000,595.000000,0
1,13508.877757,239,80,1,0,380398.000038,522.000000,636.000000,0
0,80442.042960,459,85,0,0,3166778.000409,1799.000000,635.000000,1
1,80442.042960,459,85,1,0,498151.000097,602.000000,488.000000,1
0,18034.704345,40,90,0,0,3512223.000414,2252.000000,1257.000000,0
1,18034.704345,40,90,1,0,551873.000098,2373.000000,883.000000,0
0,66043.697465,355,95,0,0,4499510.000559,2428.000000,679.000000,1
1,66043.697465,355,95,1,0,706475.000120,851.000000,40472.000000,1
0,26881.670015,0,100,0,0,4875691.000645,1572.000000,595.000000,0
1,26881.670015,0,100,1,0,755087.000133,619.000000,505.000000,0
0,93482.961115,539,105,0,0,6388052.000819,1920.000000,762.000000,1
1,93482.961115,539,105,1,0,944133.000156,587.000000,515.000000,1
0,17844.770024,465,110,0,0,6883640.000926,1183.000000,944.000000,0
1,17844.770024,465,110,1,0,1003261.000173,524.000000,528.000000,0
0,82543.668488,1899,115,0,0,8423614.001312,1309.000000,624.000000,1
1,82543.668488,1899,115,1,0,1190644.000223,36985.000000,510.000000,1
0,56270.525195,204,120,0,0,9207693.001355,2632.000000,754.000000,0
1,56270.525195,204,120,1,0,1284296.000229,721.000000,813.000000,0
0,111014.778199,674,125,0,0,11756203.001732,1693.000000,2486.000000,1
1,111014.778199,674,125,1,0,1560700.000275,625.000000,487.000000,1
0,81442.887408,209,130,0,0,12851391.001849,2979.000000,749.000000,0
1,81442.887408,209,130,1,0,1684279.000285,648.000000,598.000000,0
0,138657.982347,1378,135,0,0,15826481.002384,1408.000000,630.000000,1
1,138657.982347,1378,135,1,0,1989398.000343,2538.000000,582.000000,1
0,39191.975393,266,140,0,0,16989154.002641,1726.000000,762.000000,0
1,39191.975393,266,140,1,0,2106030.000374,656.000000,626.000000,0
0,173593.019290,473,145,0,0,21424828.002872,3391.000000,770.000000,1
1,173593.019290,473,145,1,0,2541329.000393,639.000000,606.000000,1
0,59936.803965,161,150,0,0,23620333.002972,1779.000000,957.000000,0
1,59936.803965,161,150,1,0,2770152.000405,732.000000,625.000000,0
0,231101.192315,3039,155,0,0,28227245.003756,3927.000000,814.000000,1
1,231101.192315,3039,155,1,0,3239184.000483,699.000000,1725.000000,1
0,121728.757534,144,160,0,0,31090855.003877,1728.000000,918.000000,0
1,121728.757534,144,160,1,0,3516614.000494,38125.000000,750.000000,0
0,141287.015722,1475,165,0,0,35753488.005422,1971.000000,3353.000000,1
1,141287.015722,1475,165,1,0,3925492.000623,719.000000,686.000000,1
0,114382.460645,841,170,0,0,38869559.005769,1512.000000,936.000000,0
1,114382.460645,841,170,1,0,4195003.000656,856.000000,40836.000000,0
0,253791.212238,3830,175,0,0,45566137.006886,4094.000000,839.000000,1
1,253791.212238,3830,175,1,0,4786635.000746,846.000000,1852.000000,1
0,69096.135440,571,180,0,0,48921885.007388,1766.000000,949.000000,0
1,69096.135440,571,180,1,0,5068610.000787,864.000000,798.000000,0
0,385622.349118,157,185,0,0,58357536.007754,3905.000000,828.000000,1
1,385622.349118,157,185,1,0,5846608.000818,1754.000000,720.000000,1
0,145118.722057,663,190,0,0,62714805.007951,2022.000000,981.000000,0
1,145118.722057,663,190,1,0,6187397.000836,1027.000000,817.000000,0
0,347527.241326,842,195,0,0,74427512.008206,5283.000000,1059.000000,1
1,347527.241326,842,195,1,0,7029598.000857,3017.000000,1118.000000,1
0,144.404611,0,5,0,0,2336.000000,1097.000000,420.000000,1
1,144.404611,0,5,1,0,318.000000,402.000000,297.000000,1
0,161.327522,1,10,0,0,5133.000001,559.000000,272.000000,0
1,161.327522,1,10,1,0,769.000000,205.000000,248.000000,0
0,1990.565848,3,15,0,0,18411.000002,506.000000,240.000000,1
1,1990.565848,3,15,1,0,3426.000001,215.000000,241.000000,1
0,1074.472790,9,20,0,0,28518.000003,331.000000,329.000000,0
1,1074.472790,9,20,1,0,5636.000001,270.000000,303.000000,0
0,5468.147852,20,25,0,0,64900.000006,517.000000,251.000000,1
1,5468.147852,20,25,1,0,13994.000002,315.000000,288.000000,1
0,3749.114336,23,30,0,0,92534.000008,434.000000,252.000000,0
1,3749.114336,23,30,1,0,19527.000002,260.000000,266.000000,0
0,6383.783570,42,35,0,0,170154.000014,443.000000,269.000000,1
1,6383.783570,42,35,1,0,36847.000004,243.000000,290.000000,1
0,3239.395669,15,40,0,0,211105.000020,400.000000,257.000000,0
1,3239.395669,15,40,1,0,46365.000005,254.000000,264.000000,0
0,16742.248782,85,45,0,0,342529.000033,655.000000,684.000000,1
1,16742.248782,85,45,1,0,73349.000008,318.000000,362.000000,1
0,6605.472196,9,50,0,0,458503.000034,590.000000,415.000000,0
1,6605.472196,9,50,1,0,87977.000008,41898.000000,392.000000,0
0,10889.022802,150,55,0,0,654781.000088,1100.000000,583.000000,1
1,10889.022802,150,55,1,0,124476.000019,470.000000,426.000000,1
0,10232.231382,0,60,0,0,765869.000088,576.000000,404.000000,0
1,10232.231382,0,60,1,0,145872.000019,386.000000,392.000000,0
0,16932.789406,343,65,0,0,1011908.000198,603.000000,37282.000000,1
1,16932.789406,343,65,1,0,190305.000037,450.000000,482.000000,1
0,9842.288881,252,70,0,0,1171203.000260,8587.000000,974.000000,0
1,9842.288881,252,70,1,0,241466.000047,469.000000,467.000000,0
0,34988.988743,186,75,0,0,1938120.000288,21819.000000,533.000000,1
1,34988.988743,186,75,1,0,349591.000051,476.000000,446.000000,1
0,15239.636932,64,80,0,0,2227772.000296,2169.000000,618.000000,0
1,15239.636932,64,80,1,0,389603.000053,1050.000000,1094.000000,0
0,51994.512971,528,85,0,0,3071845.000431,1434.000000,643.000000,1
1,51994.512971,528,85,1,0,531996.000068,639.000000,505.000000,1
0,26102.083859,262,90,0,0,3390473.000492,793.000000,583.000000,0
1,26102.083859,262,90,1,0,570481.000078,475.000000,445.000000,0
0,115625.503047,113,95,0,0,4597714.000600,2277.000000,689.000000,1
1,115625.503047,113,95,1,0,721604.000093,682.000000,542.000000,1
0,16098.686374,141,100,0,0,5040774.000635,1382.000000,891.000000,0
1,16098.686374,141,100,1,0,783714.000098,670.000000,571.000000,0
0,73542.372399,337,105,0,0,6386242.000940,47756.000000,790.000000,1
1,73542.372399,337,105,1,0,942957.000137,560.000000,573.000000,1
0,50704.104104,566,110,0,0,6867480.001073,1970.000000,17033.000000,0
1,50704.104104,566,110,1,0,1011631.000156,612.000000,615.000000,0
0,126542.120009,604,115,0,0,8480056.001507,38350.000000,773.000000,1
1,126542.120009,604,115,1,0,1232250.000210,591.000000,531.000000,1
0,28232.537311,334,120,0,0,9162229.001625,1257.000000,709.000000,0
1,28232.537311,334,120,1,0,1312408.000225,608.000000,547.000000,0
0,135975.519321,49,125,0,0,11782940.001839,2058.000000,3167.000000,1
1,135975.519321,49,125,1,0,1577237.000256,617.000000,549.000000,1
0,58752.782483,36,130,0,0,12793401.001942,1757.000000,896.000000,0
1,58752.782483,36,130,1,0,1689872.000269,689.000000,663.000000,0
0,128968.003608,1411,135,0,0,16186246.002253,1673.000000,717.000000,1
1,128968.003608,1411,135,1,0,2008956.000304,38412.000000,604.000000,1
0,86033.708042,726,140,0,0,17327068.002420,2951.000000,965.000000,0
1,86033.708042,726,140,1,0,2154965.000326,630.000000,648.000000,0
0,172828.002743,205,145,0,0,21460306.002815,3800.000000,757.000000,1
1,172828.002743,205,145,1,0,2513617.000368,648.000000,699.000000,1
0,87409.644900,16,150,0,0,23171435.002916,1969.000000,776.000000,0
1,87409.644900,16,150,1,0,2676387.000381,689.000000,602.000000,0
0,140778.272956,26,155,0,0,28850433.002920,4010.000000,52966.000000,1
1,140778.272956,26,155,1,0,3197904.000381,637.000000,35279.000000,1
0,106225.346152,1593,160,0,0,30874492.003392,1951.000000,1173.000000,0
1,106225.346152,1593,160,1,0,3397199.000432,858.000000,783.000000,0
0,237418.958086,126,165,0,0,36939961.003950,1741.000000,3112.000000,1
1,237418.958086,126,165,1,0,3855438.000484,738.000000,651.000000,1
0,97603.709701,925,170,0,0,39280166.004175,2064.000000,957.000000,0
1,97603.709701,925,170,1,0,4071725.000511,830.000000,764.000000,0
0,359561.551811,516,175,0,0,47060027.004560,3964.000000,948.000000,1
1,359561.551811,516,175,1,0,4693229.000550,1149.000000,2040.000000,1
0,62150.496552,2190,180,0,0,49794505.005121,1910.000000,1042.000000,0
1,62150.496552,2190,180,1,0,4925214.000608,892.000000,996.000000,0
0,461142.157535,15,185,0,0,59963643.005126,4606.000000,807.000000,1
1,461142.157535,15,185,1,0,5669394.000609,2012.000000,718.000000,1
0,116303.531262,561,190,0,0,64138957.005315,2155.000000,954.000000,0
1,116303.531262,561,190,1,0,6014597.000631,965.000000,775.000000,0
0,337309.188173,617,195,0,0,72588334.007809,4209.000000,937.000000,1
1,337309.188173,617,195,1,0,6578584.000823,2064.000000,717.000000,1
0,182.421843,2,5,0,0,2224.000000,1045.000000,356.000000,1
1,182.421843,2,5,1,0,256.000000,318.000000,292.000000,1
0,366.399337,1,10,0,0,5147.000001,521.000000,288.000000,0
1,366.399337,1,10,1,0,726.000000,242.000000,205.000000,0
0,856.801982,13,15,0,0,14549.000005,516.000000,229.000000,1
1,856.801982,13,15,1,0,3107.000001,226.000000,207.000000,1
0,423.490823,7,20,0,0,23756.000007,39477.000000,327.000000,0
1,423.490823,7,20,1,0,4978.000002,379.000000,257.000000,0
0,2621.426818,52,25,0,0,57510.000014,422.000000,252.000000,1
1,2621.426818,52,25,1,0,12868.000003,260.000000,249.000000,1
0,3274.037051,10,30,0,0,79572.000018,483.000000,260.000000,0
1,3274.037051,10,30,1,0,17344.000005,234.000000,220.000000,0
0,14716.584246,13,35,0,0,151355.000032,690.000000,338.000000,1
1,14716.584246,13,35,1,0,32909.000007,291.000000,277.000000,1
0,6489.082189,46,40,0,0,187184.000041,551.000000,275.000000,0
1,6489.082189,46,40,1,0,40213.000010,275.000000,313.000000,0
0,18451.801945,90,45,0,0,341165.000051,838.000000,480.000000,1
1,18451.801945,90,45,1,0,67856.000012,420.000000,372.000000,1
0,3133.990587,203,50,0,0,396992.000076,729.000000,455.000000,0
1,3133.990587,203,50,1,0,78527.000016,505.000000,417.000000,0
0,15001.988267,307,55,0,0,598656.000152,1011.000000,734.000000,1
1,15001.988267,307,55,1,0,112788.000030,537.000000,459.000000,1
0,4540.160357,19,60,0,0,705415.000189,770.000000,446.000000,0
1,4540.160357,19,60,1,0,131235.000036,384.000000,391.000000,0
0,53490.192833,19,65,0,0,1172218.000204,2028.000000,654.000000,1
1,53490.192833,19,65,1,0,199729.000039,465.000000,719.000000,1
0,26834.672500,31,70,0,0,1371125.000209,884.000000,633.000000,0
1,26834.672500,31,70,1,0,229700.000040,456.000000,415.000000,0
0,47437.999498,26,75,0,0,1922565.000317,1613.000000,469.000000,1
1,47437.999498,26,75,1,0,304255.000056,476.000000,462.000000,1
0,35038.092958,0,80,0,0,2190672.000324,3417.000000,1097.000000,0
1,35038.092958,0,80,1,0,344397.000057,648.000000,939.000000,0
0,71377.603441,601,85,0,0,2904091.000512,2243.000000,906.000000,1
1,71377.603441,601,85,1,0,511220.000079,759.000000,437.000000,1
0,11077.989636,40,90,0,0,3197793.000566,1132.000000,938.000000,0
1,11077.989636,40,90,1,0,556270.000088,563.000000,439.000000,0
0,30903.698489,71,95,0,0,4666681.000672,1727.000000,575.000000,1
1,30903.698489,71,95,1,0,760846.000102,494.000000,507.000000,1
0,43277.507857,49,100,0,0,5097503.000707,1045.000000,665.000000,0
1,43277.507857,49,100,1,0,823003.000108,1034.000000,528.000000,0
0,40094.998285,387,105,0,0,6832486.000796,1451.000000,587.000000,1
1,40094.998285,387,105,1,0,1072513.000121,534.000000,486.000000,1
0,20348.878869,319,110,0,0,7395455.000892,41239.000000,671.000000,0
1,20348.878869,319,110,1,0,1141909.000137,576.000000,528.000000,0
0,68049.080836,506,115,0,0,9503620.001001,1667.000000,797.000000,1
1,68049.080836,506,115,1,0,1384317.000150,634.000000,548.000000,1
0,20131.984929,817,120,0,0,10072093.001195,1601.000000,799.000000,0
1,20131.984929,817,120,1,0,1487996.000214,563.000000,733.000000,0
0,80654.032509,125,125,0,0,12810901.001366,1497.000000,39498.000000,1
1,80654.032509,125,125,1,0,1774944.000233,555.000000,509.000000,1
0,48104.082334,74,130,0,0,13777489.001424,1830.000000,753.000000,0
1,48104.082334,74,130,1,0,1888010.000242,652.000000,583.000000,0
0,198000.742073,453,135,0,0,17252582.001651,1667.000000,757.000000,1
1,198000.742073,453,135,1,0,2208173.000268,2588.000000,591.000000,1
0,117869.362844,47,140,0,0,18762065.001666,2556.000000,1059.000000,0
1,117869.362844,47,140,1,0,2371162.000270,621.000000,629.000000,0
0,75908.502234,224,145,0,0,23013220.001809,4433.000000,804.000000,1
1,75908.502234,224,145,1,0,2764169.000286,612.000000,41020.000000,1
0,115042.229271,1,150,0,0,25361730.001810,2460.000000,1011.000000,0
1,115042.229271,1,150,1,0,3021946.000286,739.000000,781.000000,0
0,247102.545363,4666,155,0,0,29286632.003002,3778.000000,882.000000,1
1,247102.545363,4666,155,1,0,3390879.000416,718.000000,1836.000000,1
0,71749.584246,187,160,0,0,31763018.003054,1951.000000,813.000000,0
1,71749.584246,187,160,1,0,3598052.000421,759.000000,651.000000,0
0,189003.980699,3437,165,0,0,37144172.004351,1971.000000,3144.000000,1
1,189003.980699,3437,165,1,0,4080316.000542,718.000000,611.000000,1
0,60254.332898,1271,170,0,0,39936264.004893,1957.000000,957.000000,0
1,60254.332898,1271,170,1,0,4318911.000593,843.000000,759.000000,0
0,287967.673573,1699,175,0,0,46909252.006008,4618.000000,874.000000,1
1,287967.673573,1699,175,1,0,4837386.000697,781.000000,1805.000000,1
0,152177.255815,5,180,0,0,50476895.006115,2657.000000,1291.000000,0
1,152177.255815,5,180,1,0,5141923.000710,1089.000000,957.000000,0
0,318385.079754,74,185,0,0,58854053.007241,4144.000000,1012.000000,1
1,318385.079754,74,185,1,0,5699600.000802,3375.000000,900.000000,1
0,175911.901182,984,190,0,0,62402673.007731,2788.000000,1573.000000,0
1,175911.901182,984,190,1,0,6069873.000840,1333.000000,1193.000000,0
0,171983.782488,3605,195,0,0,71793578.009075,5838.000000,1413.000000,1
1,171983.782488,3605,195,1,0,6777872.000961,2799.000000,1136.000000,1
0,93.640952,2,5,0,0,2236.000000,1146.000000,561.000000,1
1,93.640952,2,5,1,0,252.000000,311.000000,271.000000,1
0,363.198361,1,10,0,0,4870.000000,533.000000,259.000000,0
1,363.198361,1,10,1,0,779.000000,265.000000,265.000000,0
0,1546.375987,4,15,0,0,18170.000002,583.000000,248.000000,1
1,1546.375987,4,15,1,0,3398.000000,205.000000,214.000000,1
0,1695.957140,4,20,0,0,65476.000003,449.000000,251.000000,0
1,1695.957140,4,20,1,0,5613.000001,344.000000,260.000000,0
0,2160.308128,28,25,0,0,100138.000005,451.000000,241.000000,1
1,2160.308128,28,25,1,0,13898.000002,271.000000,237.000000,1
0,2443.804803,31,30,0,0,127821.000010,416.000000,252.000000,0
1,2443.804803,31,30,1,0,18675.000002,258.000000,223.000000,0
0,9166.801566,28,35,0,0,199315.000017,536.000000,290.000000,1
1,9166.801566,28,35,1,0,35562.000004,291.000000,309.000000,1
0,4365.711165,80,40,0,0,270667.000024,542.000000,271.000000,0
1,4365.711165,80,40,1,0,43290.000006,252.000000,286.000000,0
0,10005.970619,113,45,0,0,410856.000054,656.000000,404.000000,1
1,10005.970619,113,45,1,0,70111.000012,349.000000,376.000000,1
0,9658.568512,32,50,0,0,472928.000070,651.000000,408.000000,0
1,9658.568512,32,50,1,0,82095.000016,477.000000,437.000000,0
0,33832.794589,146,55,0,0,716797.000096,1003.000000,665.000000,1
1,33832.794589,146,55,1,0,127465.000020,527.000000,695.000000,1
0,16160.903674,93,60,0,0,855411.000118,663.000000,589.000000,0
1,16160.903674,93,60,1,0,145161.000025,332.000000,373.000000,0
0,27216.835514,216,65,0,0,1238199.000231,2713.000000,1122.000000,1
1,27216.835514,216,65,1,0,199666.000037,662.000000,1047.000000,1
0,14500.172806,99,70,0,0,1419650.000272,3353.000000,2136.000000,0
1,14500.172806,99,70,1,0,224060.000045,1459.000000,1229.000000,0
0,47109.228702,1021,75,0,0,1907819.000411,1497.000000,729.000000,1
1,47109.228702,1021,75,1,0,294660.000067,467.000000,477.000000,1
0,15715.297929,243,80,0,0,2143714.000470,672.000000,432.000000,0
1,15715.297929,243,80,1,0,324007.000078,524.000000,597.000000,0
0,41175.667176,568,85,0,0,2853520.000609,1540.000000,542.000000,1
1,41175.667176,568,85,1,0,428343.000098,535.000000,437.000000,1
0,22847.023850,9,90,0,0,3105793.000688,2137.000000,820.000000,0
1,22847.023850,9,90,1,0,466733.000111,1153.000000,398.000000,0
0,65371.340228,1435,95,0,0,4126428.000937,1901.000000,574.000000,1
1,65371.340228,1435,95,1,0,601967.000144,571.000000,436.000000,1
0,53254.430158,15,100,0,0,4676319.000966,2177.000000,905.000000,0
1,53254.430158,15,100,1,0,670802.000147,924.000000,631.000000,0
0,42990.939516,328,105,0,0,6371682.001018,1413.000000,811.000000,1
1,42990.939516,328,105,1,0,863485.000155,604.000000,603.000000,1
0,44645.367571,219,110,0,0,6963801.001062,1661.000000,919.000000,0
1,44645.367571,219,110,1,0,937672.000160,602.000000,646.000000,0
0,132790.815131,1043,115,0,0,8551775.001474,1524.000000,783.000000,1
1,132790.815131,1043,115,1,0,1123715.000207,575.000000,511.000000,1
0,42426.066380,506,120,0,0,9297009.001598,1827.000000,721.000000,0
1,42426.066380,506,120,1,0,1208085.000220,689.000000,669.000000,0
0,161653.072854,1447,125,0,0,11651601.001886,1676.000000,2652.000000,1
1,161653.072854,1447,125,1,0,1458342.000259,573.000000,528.000000,1
0,81838.876209,781,130,0,0,12502050.002064,2009.000000,22380.000000,0
1,81838.876209,781,130,1,0,1558750.000282,671.000000,859.000000,0
0,175590.085262,45,135,0,0,16036873.002332,1601.000000,654.000000,1
1,175590.085262,45,135,1,0,1885584.000312,2657.000000,566.000000,1
0,64122.600511,904,140,0,0,17238222.002486,1685.000000,1156.000000,0
1,64122.600511,904,140,1,0,2010379.000333,831.000000,885.000000,0
0,274880.516258,313,145,0,0,21554460.002567,3576.000000,726.000000,1
1,274880.516258,313,145,1,0,2386779.000342,665.000000,626.000000,1
0,78231.703405,100,150,0,0,23835960.002598,1684.000000,1077.000000,0
1,78231.703405,100,150,1,0,2616295.000346,772.000000,728.000000,0
0,223880.058198,765,155,0,0,29093569.002954,4004.000000,809.000000,1
1,223880.058198,765,155,1,0,3093209.000384,706.000000,1938.000000,1
0,74246.769633,422,160,0,0,31380159.003296,2126.000000,1049.000000,0
1,74246.769633,422,160,1,0,3340735.000420,854.000000,742.000000,0
0,109335.976057,1323,165,0,0,36886962.004313,1566.000000,3084.000000,1
1,109335.976057,1323,165,1,0,3854581.000516,721.000000,633.000000,1
0,71914.863250,83,170,0,0,39449145.004928,1958.000000,861.000000,0
1,71914.863250,83,170,1,0,4077920.000572,887.000000,786.000000,0
0,197972.934095,1873,175,0,0,46072256.006474,4383.000000,891.000000,1
1,197972.934095,1873,175,1,0,4572161.000699,787.000000,1839.000000,1
0,76763.007787,44,180,0,0,49875325.006665,1571.000000,1012.000000,0
1,76763.007787,44,180,1,0,4863518.000717,1038.000000,751.000000,0
0,258898.970328,142,185,0,0,60419383.006772,3809.000000,1077.000000,1
1,258898.970328,142,185,1,0,5576455.000726,2150.000000,738.000000,1
0,187949.090052,260,190,0,0,64503863.006890,1975.000000,1094.000000,0
1,187949.090052,260,190,1,0,5890338.000736,848.000000,714.000000,0
0,412902.455827,4338,195,0,0,73729639.008240,3628.000000,1067.000000,1
1,412902.455827,4338,195,1,0,6563167.000847,3452.000000,744.000000,1
0,79.946923,0,5,0,0,2344.000000,1455.000000,573.000000,1
1,79.946923,0,5,1,0,386.000000,558.000000,466.000000,1
0,508.723567,0,10,0,0,5585.000000,648.000000,478.000000,0
1,508.723567,0,10,1,0,937.000000,358.000000,414.000000,0
0,2019.915381,31,15,0,0,52007.000004,517.000000,387.000000,1
1,2019.915381,31,15,1,0,3006.000001,353.000000,345.000000,1
0,776.142611,9,20,0,0,62139.000005,434.000000,663.000000,0
1,776.142611,9,20,1,0,5069.000001,415.000000,331.000000,0
0,4486.967964,30,25,0,0,95902.000008,800.000000,1674.000000,1
1,4486.967964,30,25,1,0,13059.000002,364.000000,415.000000,1
0,4738.961251,11,30,0,0,128285.000010,700.000000,350.000000,0
1,4738.961251,11,30,1,0,18531.000002,330.000000,283.000000,0
0,8862.943915,12,35,0,0,203913.000017,882.000000,345.000000,1
1,8862.943915,12,35,1,0,35185.000004,418.000000,287.000000,1
0,5035.580758,15,40,0,0,249489.000031,973.000000,337.000000,0
1,5035.580758,15,40,1,0,42882.000007,373.000000,328.000000,0
0,14659.168763,235,45,0,0,380026.000059,1053.000000,586.000000,1
1,14659.168763,235,45,1,0,67989.000013,657.000000,419.000000,1
0,6150.841714,44,50,0,0,450378.000075,1113.000000,575.000000,0
1,6150.841714,44,50,1,0,81735.000015,692.000000,468.000000,0
0,39816.379579,75,55,0,0,716908.000089,1884.000000,630.000000,1
1,39816.379579,75,55,1,0,130076.000018,672.000000,468.000000,1
0,13408.968206,7,60,0,0,829497.000105,38550.000000,598.000000,0
1,13408.968206,7,60,1,0,149763.000021,497.000000,649.000000,0
0,23369.075262,196,65,0,0,1309904.000274,2185.000000,873.000000,1
1,23369.075262,196,65,1,0,215144.000046,689.000000,794.000000,1
0,24396.987480,222,70,0,0,1559967.000304,1262.000000,942.000000,0
1,24396.987480,222,70,1,0,251583.000051,1206.000000,573.000000,0
0,61080.797758,123,75,0,0,2107189.000451,1937.000000,921.000000,1
1,61080.797758,123,75,1,0,327388.000065,682.000000,429.000000,1
0,29194.795608,22,80,0,0,2547677.000472,2422.000000,1761.000000,0
1,29194.795608,22,80,1,0,380372.000071,768.000000,1338.000000,0
0,68585.002878,1129,85,0,0,3432968.000652,2010.000000,1063.000000,1
1,68585.002878,1129,85,1,0,497391.000110,922.000000,648.000000,1
0,40235.586632,79,90,0,0,4545319.000671,2474.000000,784.000000,0
1,40235.586632,79,90,1,0,601153.000113,38277.000000,453.000000,0
0,50439.208259,339,95,0,0,5753126.000741,2448.000000,627.000000,1
1,50439.208259,339,95,1,0,754605.000124,585.000000,3684.000000,1
0,44723.102746,526,100,0,0,6138429.000864,804.000000,594.000000,0
1,44723.102746,526,100,1,0,800502.000140,565.000000,480.000000,0
0,38067.802247,199,105,0,0,7875423.000990,1486.000000,60664.000000,1
1,38067.802247,199,105,1,0,983218.000157,499.000000,665.000000,1
0,28015.546986,91,110,0,0,8751171.001057,2615.000000,1133.000000,0
1,28015.546986,91,110,1,0,1101202.000163,867.000000,854.000000,0
0,142295.971539,369,115,0,0,10658996.001368,1971.000000,918.000000,1
1,142295.971539,369,115,1,0,1327977.000203,741.000000,762.000000,1
0,50688.506266,287,120,0,0,11367151.001498,1745.000000,948.000000,0
1,50688.506266,287,120,1,0,1402456.000221,706.000000,871.000000,0
0,123700.886287,215,125,0,0,13637642.001943,2186.000000,4523.000000,1
1,123700.886287,215,125,1,0,1670007.000274,751.000000,715.000000,1
0,68896.563448,870,130,0,0,14512848.002126,2517.000000,1191.000000,0
1,68896.563448,870,130,1,0,1756933.000296,719.000000,841.000000,0
0,91325.154355,273,135,0,0,17609781.002690,1655.000000,984.000000,1
1,91325.154355,273,135,1,0,2065813.000355,2944.000000,645.000000,1
0,77797.507987,511,140,0,0,18710702.002917,1803.000000,1146.000000,0
1,77797.507987,511,140,1,0,2210288.000381,1032.000000,646.000000,0
0,76376.276617,212,145,0,0,22601571.003508,3621.000000,778.000000,1
1,76376.276617,212,145,1,0,2572343.000445,609.000000,571.000000,1
0,71435.874600,252,150,0,0,24457966.003552,2117.000000,806.000000,0
1,71435.874600,252,150,1,0,2751094.000451,738.000000,595.000000,0
0,230473.011103,1240,155,0,0,28625516.004881,4368.000000,703.000000,1
1,230473.011103,1240,155,1,0,3116544.000565,611.000000,1509.000000,1
0,113245.025744,850,160,0,0,30441877.005197,2249.000000,852.000000,0
1,113245.025744,850,160,1,0,3317902.000599,717.000000,922.000000,0
0,315525.136595,121,165,0,0,37083858.005603,2462.000000,3978.000000,1
1,315525.136595,121,165,1,0,3887774.000640,928.000000,887.000000,1
0,67479.436342,758,170,0,0,39387508.006087,41598.000000,1268.000000,0
1,67479.436342,758,170,1,0,4073053.000683,972.000000,1071.000000,0
0,111975.068365,3053,175,0,0,45702916.007712,5159.000000,823.000000,1
1,111975.068365,3053,175,1,0,4624370.000820,801.000000,1823.000000,1
0,56138.509939,1980,180,0,0,48869417.008409,1678.000000,920.000000,0
1,56138.509939,1980,180,1,0,4871109.000875,796.000000,804.000000,0
0,383766.511567,1770,185,0,0,57362685.009532,6308.000000,1733.000000,1
1,383766.511567,1770,185,1,0,5485150.000971,2703.000000,715.000000,1
0,140487.588950,208,190,0,0,62021529.009597,2305.000000,1375.000000,0
1,140487.588950,208,190,1,0,5890112.000977,1346.000000,1074.000000,0
0,379005.313751,3375,195,0,0,70450583.012144,5593.000000,1390.000000,1
1,379005.313751,3375,195,1,0,6456853.001163,2556.000000,909.000000,1
0,151.234317,0,5,0,0,2465.000000,1012.000000,402.000000,1
1,151.234317,0,5,1,0,364.000000,478.000000,451.000000,1
0,360.330012,2,10,0,0,5238.000000,805.000000,456.000000,0
1,360.330012,2,10,1,0,821.000000,255.000000,301.000000,0
0,1066.752961,25,15,0,0,14291.000005,722.000000,357.000000,1
1,1066.752961,25,15,1,0,2890.000001,294.000000,278.000000,1
0,1335.140621,0,20,0,0,23232.000007,483.000000,288.000000,0
1,1335.140621,0,20,1,0,4658.000002,487.000000,329.000000,0
0,6984.124257,45,25,0,0,55912.000010,456.000000,251.000000,1
1,6984.124257,45,25,1,0,12456.000003,232.000000,288.000000,1
0,2332.946616,0,30,0,0,80989.000010,342.000000,353.000000,0
1,2332.946616,0,30,1,0,18039.000003,370.000000,350.000000,0
0,7980.924789,53,35,0,0,150672.000022,654.000000,361.000000,1
1,7980.924789,53,35,1,0,33639.000005,3970.000000,424.000000,1
0,3124.888094,39,40,0,0,192105.000025,617.000000,503.000000,0
1,3124.888094,39,40,1,0,42588.000006,366.000000,379.000000,0
0,10947.879538,39,45,0,0,408909.000052,874.000000,821.000000,1
1,10947.879538,39,45,1,0,66258.000012,383.000000,369.000000,1
0,5490.341829,33,50,0,0,483462.000062,717.000000,578.000000,0
1,5490.341829,33,50,1,0,80544.000013,488.000000,535.000000,0
0,26632.227741,232,55,0,0,707057.000132,1493.000000,659.000000,1
1,26632.227741,232,55,1,0,116849.000026,858.000000,612.000000,1
0,13209.737201,24,60,0,0,833721.000142,1621.000000,769.000000,0
1,13209.737201,24,60,1,0,161362.000028,489.000000,665.000000,0
0,18574.043283,119,65,0,0,1250193.000239,18540.000000,1476.000000,1
1,18574.043283,119,65,1,0,230944.000044,944.000000,880.000000,1
0,12837.651994,56,70,0,0,1475778.000250,1882.000000,999.000000,0
1,12837.651994,56,70,1,0,262539.000047,608.000000,769.000000,0
0,63942.158258,178,75,0,0,2215634.000281,2000.000000,556.000000,1
1,63942.158258,178,75,1,0,359759.000051,473.000000,470.000000,1
0,30385.176799,74,80,0,0,2483249.000301,1473.000000,673.000000,0
1,30385.176799,74,80,1,0,400130.000055,936.000000,717.000000,0
0,60105.219038,298,85,0,0,3207671.000516,2163.000000,799.000000,1
1,60105.219038,298,85,1,0,519043.000084,669.000000,495.000000,1
0,35762.640597,100,90,0,0,3663122.000576,1521.000000,577.000000,0
1,35762.640597,100,90,1,0,576678.000095,510.000000,549.000000,0
0,81862.305553,11,95,0,0,4845472.000704,1990.000000,693.000000,1
1,81862.305553,11,95,1,0,830581.000114,623.000000,504.000000,1
0,43379.626290,333,100,0,0,5243649.000786,867.000000,609.000000,0
1,43379.626290,333,100,1,0,883802.000123,600.000000,582.000000,0
0,49367.138120,541,105,0,0,6728932.001048,1842.000000,651.000000,1
1,49367.138120,541,105,1,0,1061326.000157,539.000000,663.000000,1
0,45899.827026,195,110,0,0,7220406.001236,2293.000000,861.000000,0
1,45899.827026,195,110,1,0,1120268.000181,929.000000,771.000000,0
0,99931.078383,221,115,0,0,9110561.001636,1877.000000,628.000000,1
1,99931.078383,221,115,1,0,1343916.000231,566.000000,543.000000,1
0,52651.265781,539,120,0,0,9688452.001878,2238.000000,759.000000,0
1,52651.265781,539,120,1,0,1416527.000262,644.000000,593.000000,0
0,114721.828024,1087,125,0,0,12123532.002241,1997.000000,2684.000000,1
1,114721.828024,1087,125,1,0,1701163.000303,570.000000,554.000000,1
0,29454.869158,268,130,0,0,13001671.002636,21991.000000,848.000000,0
1,29454.869158,268,130,1,0,1860290.000333,679.000000,594.000000,0
0,160820.128273,190,135,0,0,16752280.002725,2227.000000,757.000000,1
1,160820.128273,190,135,1,0,2285906.000345,41827.000000,602.000000,1
0,46716.673335,10,140,0,0,18171194.002731,1953.000000,885.000000,0
1,46716.673335,10,140,1,0,2460308.000346,752.000000,736.000000,0
0,142359.239153,1191,145,0,0,22116775.003177,4943.000000,787.000000,1
1,142359.239153,1191,145,1,0,2841219.000427,689.000000,613.000000,1
0,117390.284536,81,150,0,0,24009454.003212,2011.000000,836.000000,0
1,117390.284536,81,150,1,0,3036116.000430,747.000000,782.000000,0
0,140051.075445,1530,155,0,0,29016417.003607,4495.000000,786.000000,1
1,140051.075445,1530,155,1,0,3491745.000470,666.000000,1994.000000,1
0,129827.095852,26,160,0,0,31986882.003620,1823.000000,963.000000,0
1,129827.095852,26,160,1,0,3759529.000471,791.000000,722.000000,0
0,133253.834397,1893,165,0,0,38460644.004331,1981.000000,3926.000000,1
1,133253.834397,1893,165,1,0,4304299.000538,640.000000,592.000000,1
0,66213.193386,327,170,0,0,40968875.004620,1883.000000,981.000000,0
1,66213.193386,327,170,1,0,4515342.000564,973.000000,721.000000,0
0,304209.607962,880,175,0,0,47890205.005558,4001.000000,861.000000,1
1,304209.607962,880,175,1,0,5041270.000650,800.000000,1632.000000,1
0,90199.583805,214,180,0,0,51698905.005703,1965.000000,852.000000,0
1,90199.583805,214,180,1,0,5350228.000666,840.000000,793.000000,0
0,206507.872673,38,185,0,0,61784198.005816,3655.000000,885.000000,1
1,206507.872673,38,185,1,0,6036565.000677,2134.000000,714.000000,1
0,51994.381370,1838,190,0,0,65520341.006515,2349.000000,1113.000000,0
1,51994.381370,1838,190,1,0,6382802.000732,921.000000,802.000000,0
0,301006.095724,3251,195,0,0,75771252.007585,4963.000000,1070.000000,1
1,301006.095724,3251,195,1,0,7090886.000813,2632.000000,733.000000,1
0,162879.026864,1405,200,0,0,2791422.000728,4902.000000,1113.000000,0
1,162879.026864,1405,200,1,0,339259.000060,2057.000000,1716.000000,0
0,288714.416318,1348,205,0,0,11184772.002294,4454.000000,837.000000,1
1,288714.416318,1348,205,1,0,1094637.000201,751.000000,1653.000000,1
0,71956.954987,455,210,0,0,15210162.002728,2945.000000,1261.000000,0
1,71956.954987,455,210,1,0,1408406.000237,1172.000000,996.000000,0
0,152221.912772,4942,215,0,0,24601198.004335,5874.000000,1127.000000,1
1,152221.912772,4942,215,1,0,2224800.000373,1106.000000,2884.000000,1
0,177869.958820,1794,220,0,0,29216927.005042,2764.000000,1370.000000,0
1,177869.958820,1794,220,1,0,2611505.000435,1276.000000,1224.000000,0
0,404562.578312,1159,225,0,0,41967006.006041,4849.000000,1003.000000,1
1,404562.578312,1159,225,1,0,3703715.000512,3261.000000,741.000000,1
0,131367.283058,2283,230,0,0,46992385.006745,2074.000000,42008.000000,0
1,131367.283058,2283,230,1,0,4088718.000569,958.000000,814.000000,0
0,450229.757913,1239,235,0,0,62208483.007880,4649.000000,1125.000000,1
1,450229.757913,1239,235,1,0,5337475.000664,2696.000000,824.000000,1
0,120824.748144,4007,240,0,0,67239629.009298,1803.000000,928.000000,0
1,120824.748144,4007,240,1,0,5709720.000776,973.000000,818.000000,0
0,553082.491265,735,245,0,0,85558625.010174,4344.000000,983.000000,1
1,553082.491265,735,245,1,0,7023629.000847,2158.000000,871.000000,1
0,190922.123439,1633,250,0,0,92471189.011024,2075.000000,974.000000,0
1,190922.123439,1633,250,1,0,7539883.000913,993.000000,917.000000,0
0,214643.640157,2811,255,0,0,112574005.013372,5399.000000,2639.000000,1
1,214643.640157,2811,255,1,0,8930066.001067,804.000000,2732.000000,1
0,219982.521382,2500,260,0,0,120606731.014270,2554.000000,1544.000000,0
1,219982.521382,2500,260,1,0,9437523.001136,922.000000,934.000000,0
0,431080.647395,15,265,0,0,148078539.014274,4853.000000,2184.000000,1
1,431080.647395,15,265,1,0,11418919.001136,835.000000,2036.000000,1
0,225532.687637,1173,270,0,0,157824771.014857,3257.000000,2073.000000,0
1,225532.687637,1173,270,1,0,12010701.001181,947.000000,891.000000,0
0,910949.479916,777,275,0,0,183364242.019127,14198.000000,955.000000,1
1,910949.479916,777,275,1,0,13667575.001439,2033.000000,2726.000000,1
0,452234.007399,513,280,0,0,195990111.019360,2838.000000,1184.000000,0
1,452234.007399,513,280,1,0,14495986.001459,1250.000000,1247.000000,0
0,703724.862824,349,285,0,0,221794348.025544,4274.000000,2067.000000,1
1,703724.862824,349,285,1,0,16216039.001832,894.000000,2034.000000,1
0,226606.615355,606,290,0,0,234699733.026319,2005.000000,1452.000000,0
1,226606.615355,606,290,1,0,17000152.001887,1042.000000,927.000000,0
0,980838.249182,1390,295,0,0,271725940.028126,5253.000000,1056.000000,1
1,980838.249182,1390,295,1,0,19301049.002077,2047.000000,852.000000,1
0,134489.495448,6269,300,0,0,282826620.031053,2200.000000,1242.000000,0
1,134489.495448,6269,300,1,0,20017287.002250,1014.000000,954.000000,0
0,497691.131178,3591,305,0,0,324035226.033153,3897.000000,1077.000000,1
1,497691.131178,3591,305,1,0,22314805.002376,1845.000000,977.000000,1
0,428057.738914,2269,310,0,0,337560601.035809,41413.000000,1072.000000,0
1,428057.738914,2269,310,1,0,23086295.002531,930.000000,901.000000,0
0,758403.005043,10980,315,0,0,377101792.043278,8330.000000,2518.000000,1
1,758403.005043,10980,315,1,0,25221556.002937,976.000000,2217.000000,1
0,238390.386259,1091,320,0,0,391313338.046791,2927.000000,1230.000000,0
1,238390.386259,1091,320,1,0,25989373.003131,972.000000,1032.000000,0
0,946617.723981,748,325,0,0,444119318.048332,4395.000000,2099.000000,1
1,946617.723981,748,325,1,0,28831819.003226,915.000000,39284.000000,1
0,492513.288829,75,330,0,0,459505995.052494,36166.000000,1288.000000,0
1,492513.288829,75,330,1,0,29658249.003461,977.000000,990.000000,0
0,1404069.312279,1163,335,0,0,520489123.054488,4707.000000,1204.000000,1
1,1404069.312279,1163,335,1,0,32724766.003569,2148.000000,6550.000000,1
0,360198.557921,4970,340,0,0,537644977.059096,2434.000000,1265.000000,0
1,360198.557921,4970,340,1,0,33568192.003783,1032.000000,983.000000,0
0,1132085.271503,17219,345,0,0,585203746.075163,4904.000000,2408.000000,1
1,1132085.271503,17219,345,1,0,35933436.004620,2651.000000,1061.000000,1
0,130034.514476,1119,200,0,0,3492557.000473,4181.000000,1047.000000,0
1,130034.514476,1119,200,1,0,321152.000044,2013.000000,1881.000000,0
0,297431.039958,348,205,0,0,12216369.001366,4199.000000,842.000000,1
1,297431.039958,348,205,1,0,1106693.000128,775.000000,2049.000000,1
0,122516.261891,1650,210,0,0,16229382.001827,2137.000000,999.000000,0
1,122516.261891,1650,210,1,0,1467990.000171,892.000000,861.000000,0
0,394551.448899,5150,215,0,0,25007303.004158,3730.000000,882.000000,1
1,394551.448899,5150,215,1,0,2185441.000356,883.000000,1819.000000,1
0,151242.060919,713,220,0,0,29279419.004938,2537.000000,1005.000000,0
1,151242.060919,713,220,1,0,2556392.000434,965.000000,928.000000,0
0,470945.345090,2285,225,0,0,40282465.007521,4257.000000,896.000000,1
1,470945.345090,2285,225,1,0,3440360.000627,1946.000000,759.000000,1
0,81851.981874,2124,230,0,0,44868095.008389,2266.000000,1079.000000,0
1,81851.981874,2124,230,1,0,3802691.000703,983.000000,947.000000,0
0,432650.816383,2074,235,0,0,56647883.012213,44270.000000,42784.000000,1
1,432650.816383,2074,235,1,0,4771578.000981,1852.000000,761.000000,1
0,273851.260698,875,240,0,0,62242526.013003,2197.000000,1089.000000,0
1,273851.260698,875,240,1,0,5242140.001081,969.000000,888.000000,0
0,386745.811260,332,245,0,0,79309552.014947,4011.000000,903.000000,1
1,386745.811260,332,245,1,0,6446306.001219,1841.000000,49233.000000,1
0,123068.207124,1153,250,0,0,85943363.015710,2345.000000,1045.000000,0
1,123068.207124,1153,250,1,0,6971937.001269,1029.000000,943.000000,0
0,635382.498200,3212,255,0,0,106484889.017051,40777.000000,2160.000000,1
1,635382.498200,3212,255,1,0,8369222.001360,914.000000,1718.000000,1
0,91025.164505,787,260,0,0,113217488.018837,2451.000000,1123.000000,0
1,91025.164505,787,260,1,0,8846266.001509,962.000000,1040.000000,0
0,345367.039913,2702,265,0,0,135929036.020758,4451.000000,2285.000000,1
1,345367.039913,2702,265,1,0,10413512.001636,909.000000,1932.000000,1
0,103955.932079,567,270,0,0,143850490.022153,2537.000000,1196.000000,0
1,103955.932079,567,270,1,0,10991599.001743,965.000000,1081.000000,0
0,245148.110044,7200,275,0,0,166662858.026808,6914.000000,1424.000000,1
1,245148.110044,7200,275,1,0,12660985.002045,2681.000000,2158.000000,1
0,315206.260060,16,280,0,0,177859111.027036,2325.000000,1194.000000,0
1,315206.260060,16,280,1,0,13426516.002059,944.000000,882.000000,0
0,292814.934674,8935,285,0,0,201741848.033767,4456.000000,2286.000000,1
1,292814.934674,8935,285,1,0,14967577.002451,880.000000,1826.000000,1
0,381451.312449,3277,290,0,0,211435091.036047,2207.000000,1297.000000,0
1,381451.312449,3277,290,1,0,15650940.002593,953.000000,1010.000000,0
0,766920.149554,221,295,0,0,251587478.036214,4475.000000,1139.000000,1
1,766920.149554,221,295,1,0,18229590.002606,2013.000000,916.000000,1
0,160235.335083,938,300,0,0,263608444.038673,2083.000000,1124.000000,0
1,160235.335083,938,300,1,0,18917799.002759,1054.000000,1056.000000,0
0,593410.774966,147,305,0,0,307951869.039228,4401.000000,1135.000000,1
1,593410.774966,147,305,1,0,21534164.002845,2043.000000,943.000000,1
0,383767.721362,5090,310,0,0,321672679.041508,2104.000000,1120.000000,0
1,383767.721362,5090,310,1,0,22336712.002977,935.000000,922.000000,0
0,1184019.816781,293,315,0,0,378560659.041873,4488.000000,2263.000000,1
1,1184019.816781,293,315,1,0,26036109.002998,969.000000,1832.000000,1
0,291552.574418,63,320,0,0,397611959.041956,2295.000000,1263.000000,0
1,291552.574418,63,320,1,0,27179219.003004,1048.000000,993.000000,0
0,655669.312806,2368,325,0,0,449245719.049363,4848.000000,2314.000000,1
1,655669.312806,2368,325,1,0,30574134.003406,1019.000000,2010.000000,1
0,384339.209103,1945,330,0,0,464153519.054332,2207.000000,1234.000000,0
1,384339.209103,1945,330,1,0,31466914.003665,1029.000000,984.000000,0
0,432188.835367,2929,335,0,0,528036994.058403,4801.000000,1198.000000,1
1,432188.835367,2929,335,1,0,35764939.003906,2306.000000,9329.000000,1
0,648388.367950,50,340,0,0,555368122.059120,2696.000000,1325.000000,0
1,648388.367950,50,340,1,0,37438196.003943,1104.000000,1343.000000,0
0,398716.755347,5958,345,0,0,622139266.066984,5908.000000,3207.000000,1
1,398716.755347,5958,345,1,0,42316484.004342,3118.000000,1288.000000,1
0,56885.113911,665,200,0,0,3072327.000687,5017.000000,998.000000,0
1,56885.113911,665,200,1,0,277226.000067,2972.000000,1944.000000,0
0,300804.696216,45,205,0,0,12422700.001394,4966.000000,907.000000,1
1,300804.696216,45,205,1,0,1069606.000130,1201.000000,2572.000000,1
0,53696.557739,545,210,0,0,15996040.002261,2807.000000,1032.000000,0
1,53696.557739,545,210,1,0,1371652.000204,865.000000,1037.000000,0
0,534910.066657,59,215,0,0,28128587.002330,5915.000000,1003.000000,1
1,534910.066657,59,215,1,0,2423202.000211,833.000000,2280.000000,1
0,211598.921037,79,220,0,0,33500944.002640,1913.000000,1023.000000,0
1,211598.921037,79,220,1,0,2853327.000236,1057.000000,907.000000,0
0,465427.767537,115,225,0,0,45513805.003945,5727.000000,1304.000000,1
1,465427.767537,115,225,1,0,3837151.000343,2175.000000,1185.000000,1
0,239988.126215,1299,230,0,0,50566831.004761,2941.000000,1462.000000,0
1,239988.126215,1299,230,1,0,4215106.000418,1401.000000,1351.000000,0
0,518637.524379,942,235,0,0,65774447.006028,4943.000000,915.000000,1
1,518637.524379,942,235,1,0,5512798.000514,2062.000000,831.000000,1
0,110216.335270,612,240,0,0,72229173.006225,2019.000000,1014.000000,0
1,110216.335270,612,240,1,0,5988915.000528,993.000000,802.000000,0
0,302015.101747,2025,245,0,0,88397614.007952,4476.000000,899.000000,1
1,302015.101747,2025,245,1,0,7258149.000663,2252.000000,882.000000,1
0,113391.168551,3565,250,0,0,93904060.009485,2922.000000,1076.000000,0
1,113391.168551,3565,250,1,0,7742297.000786,1006.000000,934.000000,0
0,618551.310930,10640,255,0,0,110000860.014084,5778.000000,2275.000000,1
1,618551.310930,10640,255,1,0,8998634.001077,840.000000,2497.000000,1
0,237422.815157,799,260,0,0,116835689.015603,2212.000000,1073.000000,0
1,237422.815157,799,260,1,0,9478826.001253,882.000000,903.000000,0
0,717135.116371,312,265,0,0,134856456.020817,45813.000000,2044.000000,1
1,717135.116371,312,265,1,0,10743576.001593,825.000000,1952.000000,1
0,135054.805394,477,270,0,0,145274236.021074,2188.000000,1104.000000,0
1,135054.805394,477,270,1,0,11404485.001608,928.000000,836.000000,0
0,368390.812240,14206,275,0,0,165541682.027872,4172.000000,2012.000000,1
1,368390.812240,14206,275,1,0,12721942.002050,851.000000,1870.000000,1
0,294498.350393,3403,280,0,0,174109626.030695,2322.000000,1319.000000,0
1,294498.350393,3403,280,1,0,13258828.002225,997.000000,955.000000,0
0,611802.629424,12945,285,0,0,196530641.039521,5251.000000,2847.000000,1
1,611802.629424,12945,285,1,0,14654887.002780,923.000000,2120.000000,1
0,427429.200910,1473,290,0,0,208269639.040395,2106.000000,1318.000000,0
1,427429.200910,1473,290,1,0,15411133.002844,953.000000,930.000000,0
0,1065517.720163,933,295,0,0,245387308.041624,10406.000000,1107.000000,1
1,1065517.720163,933,295,1,0,17774099.002923,1924.000000,855.000000,1
0,404010.645222,696,300,0,0,259467506.042001,2476.000000,1132.000000,0
1,404010.645222,696,300,1,0,18595683.002952,977.000000,973.000000,0
0,422121.430459,5910,305,0,0,293204364.047477,4167.000000,1141.000000,1
1,422121.430459,5910,305,1,0,20591801.003286,2118.000000,872.000000,1
0,568065.261152,11,310,0,0,310336122.047492,2484.000000,1109.000000,0
1,568065.261152,11,310,1,0,21657086.003287,943.000000,1033.000000,0
0,395328.937889,2587,315,0,0,355857648.049287,4543.000000,2238.000000,1
1,395328.937889,2587,315,1,0,24308867.003395,939.000000,1893.000000,1
0,340547.926104,6419,320,0,0,369406976.052886,2069.000000,1285.000000,0
1,340547.926104,6419,320,1,0,25155778.003607,1095.000000,1040.000000,0
0,1097094.476725,4508,325,0,0,413599092.061455,4602.000000,2239.000000,1
1,1097094.476725,4508,325,1,0,27835986.004068,984.000000,2098.000000,1
0,525985.492332,1023,330,0,0,432291091.063050,2318.000000,1209.000000,0
1,525985.492332,1023,330,1,0,28893676.004156,1059.000000,978.000000,0
0,844720.948982,1418,335,0,0,488961018.066010,4911.000000,1201.000000,1
1,844720.948982,1418,335,1,0,31965506.004317,2920.000000,1313.000000,1
0,537622.550581,6255,340,0,0,507516589.069219,2498.000000,42419.000000,0
1,537622.550581,6255,340,1,0,32969627.004496,1263.000000,1526.000000,0
0,1154156.644511,2286,345,0,0,568052194.075711,5619.000000,2305.000000,1
1,1154156.644511,2286,345,1,0,35969756.004792,2456.000000,1032.000000,1
0,140121.407775,864,200,0,0,3229435.000340,4235.000000,957.000000,0
1,140121.407775,864,200,1,0,282241.000033,2012.000000,1905.000000,0
0,348601.644426,5976,205,0,0,10368560.002691,4454.000000,937.000000,1
1,348601.644426,5976,205,1,0,945205.000237,838.000000,1862.000000,1
0,184287.083617,779,210,0,0,15300825.003128,2719.000000,1182.000000,0
1,184287.083617,779,210,1,0,1471456.000274,925.000000,870.000000,0
0,395342.811947,3491,215,0,0,24787539.004666,4303.000000,859.000000,1
1,395342.811947,3491,215,1,0,2356190.000410,800.000000,1749.000000,1
0,268806.587873,158,220,0,0,30246578.004923,1906.000000,1023.000000,0
1,268806.587873,158,220,1,0,2761913.000433,43284.000000,842.000000,0
0,271604.130725,3455,225,0,0,42754240.006021,4299.000000,863.000000,1
1,271604.130725,3455,225,1,0,3832409.000523,1855.000000,839.000000,1
0,136152.642512,3164,230,0,0,47700493.006903,2208.000000,982.000000,0
1,136152.642512,3164,230,1,0,4221495.000601,976.000000,886.000000,0
0,566146.142902,1436,235,0,0,59023859.010826,4723.000000,934.000000,1
1,566146.142902,1436,235,1,0,5048832.000892,1924.000000,841.000000,1
0,138232.588267,3232,240,0,0,64764009.012039,2232.000000,1053.000000,0
1,138232.588267,3232,240,1,0,5572956.000995,1020.000000,902.000000,0
0,265321.781192,31,245,0,0,82760443.013096,4848.000000,1129.000000,1
1,265321.781192,31,245,1,0,6830320.001087,2105.000000,876.000000,1
0,135536.242938,2356,250,0,0,89294857.014077,1887.000000,1074.000000,0
1,135536.242938,2356,250,1,0,7292652.001161,976.000000,938.000000,0
0,453432.119845,3190,255,0,0,106992621.017559,4545.000000,3899.000000,1
1,453432.119845,3190,255,1,0,8452927.001381,1162.000000,2159.000000,1
0,147104.268713,202,260,0,0,116040915.017782,2085.000000,1235.000000,0
1,147104.268713,202,260,1,0,9114560.001401,955.000000,839.000000,0
0,610145.247485,3186,265,0,0,139818262.021443,7276.000000,3128.000000,1
1,610145.247485,3186,265,1,0,10919431.001635,1211.000000,2764.000000,1
0,220497.769309,1502,270,0,0,151599958.022299,2203.000000,1064.000000,0
1,220497.769309,1502,270,1,0,11833321.001696,1131.000000,1135.000000,0
0,481570.019886,7370,275,0,0,178982598.028853,6471.000000,1096.000000,1
1,481570.019886,7370,275,1,0,14043960.002109,1991.000000,1854.000000,1
0,410453.223240,102,280,0,0,192387875.029031,2878.000000,1761.000000,0
1,410453.223240,102,280,1,0,14912491.002123,1256.000000,1269.000000,0
0,241540.859754,13315,285,0,0,217542991.037408,6187.000000,2707.000000,1
1,241540.859754,13315,285,1,0,16528731.002724,1278.000000,2249.000000,1
0,233187.513563,907,290,0,0,237375903.038251,3009.000000,1143.000000,0
1,233187.513563,907,290,1,0,18154271.002779,909.000000,1273.000000,0
0,1134200.350942,3525,295,0,0,296315776.042394,32050.000000,3417.000000,1
1,1134200.350942,3525,295,1,0,22871084.003215,8760.000000,3146.000000,1
0,404298.808431,3145,300,0,0,313997949.043913,2902.000000,1473.000000,0
1,404298.808431,3145,300,1,0,24317280.003354,1253.000000,1330.000000,0
0,439925.827162,9214,305,0,0,398233661.048853,6061.000000,1123.000000,1
1,439925.827162,9214,305,1,0,32863524.003668,2078.000000,957.000000,1
0,132714.932420,2022,310,0,0,412620568.054219,2959.000000,1608.000000,0
1,132714.932420,2022,310,1,0,34246419.004084,1264.000000,1408.000000,0
0,395751.031289,5000,315,0,0,492573635.059451,8740.000000,2825.000000,1
1,395751.031289,5000,315,1,0,42009826.004652,1293.000000,2720.000000,1
0,182520.146364,817,320,0,0,509530783.062955,2740.000000,1354.000000,0
1,182520.146364,817,320,1,0,42914558.004814,1022.000000,961.000000,0
0,542310.646303,748,325,0,0,576102380.072544,7648.000000,2329.000000,1
1,542310.646303,748,325,1,0,49463149.005796,990.000000,2021.000000,1
0,266502.765647,1297,330,0,0,603554762.077621,2599.000000,1379.000000,0
1,266502.765647,1297,330,1,0,52152240.006371,1127.000000,1094.000000,0
0,1017921.185613,1489,335,0,0,704782219.078711,5107.000000,1166.000000,1
1,1017921.185613,1489,335,1,0,62100821.006469,2206.000000,11012.000000,1
0,443357.713112,418,340,0,0,733596826.079205,3302.000000,1486.000000,0
1,443357.713112,418,340,1,0,64465441.006503,1531.000000,1130.000000,0
0,591707.919544,3063,345,0,0,817779641.085446,6719.000000,2320.000000,1
1,591707.919544,3063,345,1,0,72028209.006859,2484.000000,1681.000000,1
0,104857.083160,590,200,0,0,2868456.000615,5926.000000,1183.000000,0
1,104857.083160,590,200,1,0,309577.000064,2869.000000,2218.000000,0
0,140595.808070,3860,205,0,0,9984362.002808,4754.000000,1059.000000,1
1,140595.808070,3860,205,1,0,920917.000263,819.000000,1830.000000,1
0,207245.787693,1215,210,0,0,13826023.003512,2552.000000,38794.000000,0
1,207245.787693,1215,210,1,0,1283864.000329,937.000000,832.000000,0
0,606675.614715,81,215,0,0,25649059.003604,4658.000000,946.000000,1
1,606675.614715,81,215,1,0,2278107.000336,862.000000,1905.000000,1
0,97012.626149,242,220,0,0,30509163.003933,2248.000000,1007.000000,0
1,97012.626149,242,220,1,0,2650002.000362,866.000000,814.000000,0
0,314184.342069,3009,225,0,0,40543997.006082,4165.000000,952.000000,1
1,314184.342069,3009,225,1,0,3511914.000549,1925.000000,770.000000,1
0,118241.564575,2182,230,0,0,45385161.007428,2402.000000,1073.000000,0
1,118241.564575,2182,230,1,0,3928269.000755,988.000000,901.000000,0
0,362184.989438,2348,235,0,0,59990839.008078,4693.000000,898.000000,1
1,362184.989438,2348,235,1,0,5106702.000813,1743.000000,752.000000,1
0,234254.227210,1595,240,0,0,66166993.008915,2023.000000,993.000000,0
1,234254.227210,1595,240,1,0,5590266.000875,885.000000,823.000000,0
0,294122.608181,591,245,0,0,83490578.009761,66136.000000,988.000000,1
1,294122.608181,591,245,1,0,6840076.000941,2127.000000,810.000000,1
0,292707.627048,1116,250,0,0,90862470.010147,2234.000000,1040.000000,0
1,292707.627048,1116,250,1,0,7406134.000970,894.000000,843.000000,0
0,288684.399349,2699,255,0,0,112141729.011776,4039.000000,41806.000000,1
1,288684.399349,2699,255,1,0,8871652.001094,878.000000,1858.000000,1
0,151673.213192,337,260,0,0,119465766.012907,2199.000000,1117.000000,0
1,151673.213192,337,260,1,0,9357681.001181,884.000000,951.000000,0
0,273805.531911,1713,265,0,0,143273158.014113,65411.000000,2299.000000,1
1,273805.531911,1713,265,1,0,10987069.001267,845.000000,1881.000000,1
0,155553.891823,3096,270,0,0,151645807.016024,2432.000000,1180.000000,0
1,155553.891823,3096,270,1,0,11594652.001392,901.000000,986.000000,0
0,773339.528313,2127,275,0,0,177427836.017838,4303.000000,1361.000000,1
1,773339.528313,2127,275,1,0,13213232.001513,2995.000000,2439.000000,1
0,209473.705690,2691,280,0,0,186143372.019713,3098.000000,1579.000000,0
1,209473.705690,2691,280,1,0,13813428.001639,1172.000000,1251.000000,0
0,829641.685538,94,285,0,0,210306995.026434,4450.000000,2274.000000,1
1,829641.685538,94,285,1,0,15228541.002036,875.000000,2031.000000,1
0,288945.341074,1711,290,0,0,220203426.028964,2025.000000,1126.000000,0
1,288945.341074,1711,290,1,0,15827102.002182,919.000000,894.000000,0
0,997274.857238,1974,295,0,0,256102940.030864,5322.000000,1093.000000,1
1,997274.857238,1974,295,1,0,17951331.002323,49963.000000,831.000000,1
0,246277.073165,3778,300,0,0,268765072.032676,2202.000000,1161.000000,0
1,246277.073165,3778,300,1,0,18698638.002431,937.000000,888.000000,0
0,1057264.534436,11494,305,0,0,303938794.038847,4089.000000,1195.000000,1
1,1057264.534436,11494,305,1,0,20830554.002758,2295.000000,931.000000,1
0,237182.697233,371,310,0,0,320835112.039136,2331.000000,1230.000000,0
1,237182.697233,371,310,1,0,21736187.002778,1104.000000,1002.000000,0
0,868400.163511,102,315,0,0,369683706.039222,4587.000000,2425.000000,1
1,868400.163511,102,315,1,0,24857285.002784,990.000000,1939.000000,1
0,224069.277203,958,320,0,0,383337278.043239,2164.000000,1348.000000,0
1,224069.277203,958,320,1,0,25676274.002997,1107.000000,943.000000,0
0,1386301.301724,32,325,0,0,439677492.043812,4855.000000,2338.000000,1
1,1386301.301724,32,325,1,0,29001980.003037,1003.000000,2007.000000,1
0,588427.038675,73,330,0,0,459937032.043913,2325.000000,1341.000000,0
1,588427.038675,73,330,1,0,30166712.003044,1094.000000,998.000000,0
0,1179940.734560,8627,335,0,0,507149585.055943,5247.000000,1229.000000,1
1,1179940.734560,8627,335,1,0,32818338.003671,2153.000000,10151.000000,1
0,547210.972631,3998,340,0,0,526648090.059244,2375.000000,1280.000000,0
1,547210.972631,3998,340,1,0,33828945.003874,1082.000000,1032.000000,0
0,1138938.451247,11113,345,0,0,585648154.066718,4952.000000,2174.000000,1
1,1138938.451247,11113,345,1,0,37046358.004223,2349.000000,1035.000000,1
0,187301.608013,1807,200,0,0,3019971.000649,4042.000000,973.000000,0
1,187301.608013,1807,200,1,0,270904.000048,2150.000000,1813.000000,0
0,213500.358604,1658,205,0,0,11636272.002329,6076.000000,936.000000,1
1,213500.358604,1658,205,1,0,1098521.000173,873.000000,2309.000000,1
0,182623.484004,27,210,0,0,22605586.002352,3386.000000,1265.000000,0
1,182623.484004,27,210,1,0,2430654.000178,938.000000,955.000000,0
0,459202.975595,2365,215,0,0,35334916.003244,3870.000000,997.000000,1
1,459202.975595,2365,215,1,0,3644448.000252,868.000000,1831.000000,1
0,243620.094440,321,220,0,0,39703423.003640,2321.000000,934.000000,0
1,243620.094440,321,220,1,0,3980537.000289,875.000000,871.000000,0
0,224758.247346,2772,225,0,0,52746189.005236,63231.000000,950.000000,1
1,224758.247346,2772,225,1,0,5043785.000410,42459.000000,813.000000,1
0,221001.756323,232,230,0,0,58782117.005430,2090.000000,1092.000000,0
1,221001.756323,232,230,1,0,5496870.000428,1055.000000,913.000000,0
0,361248.649328,2137,235,0,0,75013371.006283,5384.000000,1030.000000,1
1,361248.649328,2137,235,1,0,6773291.000493,2130.000000,983.000000,1
0,108772.243937,646,240,0,0,81936290.006504,2226.000000,1100.000000,0
1,108772.243937,646,240,1,0,7295243.000509,975.000000,940.000000,0
0,495503.278683,3188,245,0,0,100512627.009509,4790.000000,1007.000000,1
1,495503.278683,3188,245,1,0,8650192.000730,2159.000000,838.000000,1
0,143722.598410,1084,250,0,0,106379012.011064,2144.000000,1002.000000,0
1,143722.598410,1084,250,1,0,9036493.000847,941.000000,837.000000,0
0,532848.722647,1068,255,0,0,132522773.011603,3576.000000,40101.000000,1
1,532848.722647,1068,255,1,0,10902535.000887,871.000000,2060.000000,1
0,111871.557324,8,260,0,0,142598386.011808,2083.000000,1206.000000,0
1,111871.557324,8,260,1,0,11959722.000922,981.000000,917.000000,0
0,337015.514887,2678,265,0,0,163509823.017252,4693.000000,2303.000000,1
1,337015.514887,2678,265,1,0,14185641.001353,881.000000,2085.000000,1
0,323627.040814,1039,270,0,0,171395666.019143,1933.000000,1232.000000,0
1,323627.040814,1039,270,1,0,14710632.001481,970.000000,988.000000,0
0,757951.370307,101,275,0,0,207336496.019823,5719.000000,1120.000000,1
1,757951.370307,101,275,1,0,17116780.001531,2339.000000,2306.000000,1
0,131803.432966,84,280,0,0,218462145.022401,1920.000000,1187.000000,0
1,131803.432966,84,280,1,0,18050280.001699,989.000000,1048.000000,0
0,900764.529982,845,285,0,0,262662744.023144,5535.000000,3099.000000,1
1,900764.529982,845,285,1,0,21630464.001747,1232.000000,2738.000000,1
0,364577.105826,1886,290,0,0,271306968.026077,2380.000000,1167.000000,0
1,364577.105826,1886,290,1,0,22132716.001928,1006.000000,1141.000000,0
0,524480.201271,10399,295,0,0,296798033.033686,5135.000000,1085.000000,1
1,524480.201271,10399,295,1,0,23623417.002338,1892.000000,828.000000,1
0,355627.549495,901,300,0,0,307641196.037789,3812.000000,1444.000000,0
1,355627.549495,901,300,1,0,24220250.002574,1295.000000,1245.000000,0
0,760071.569232,9797,305,0,0,359741958.045682,5382.000000,37261.000000,1
1,760071.569232,9797,305,1,0,28236182.003012,2629.000000,916.000000,1
0,491151.551643,778,310,0,0,382464257.046647,40643.000000,1285.000000,0
1,491151.551643,778,310,1,0,29833568.003071,1047.000000,978.000000,0
0,1091627.132505,13294,315,0,0,430440055.057999,5894.000000,2470.000000,1
1,1091627.132505,13294,315,1,0,33732182.003943,910.000000,3157.000000,1
0,398359.075202,1471,320,0,0,450318504.058916,2945.000000,1573.000000,0
1,398359.075202,1471,320,1,0,35305418.004002,1239.000000,1352.000000,0
0,1348978.182969,239,325,0,0,516022093.059059,4387.000000,2467.000000,1
1,1348978.182969,239,325,1,0,41535173.004009,1014.000000,2099.000000,1
0,172100.193627,2186,330,0,0,535666207.060171,2196.000000,1087.000000,0
1,172100.193627,2186,330,1,0,42645743.004076,995.000000,1012.000000,0
0,538208.802342,3541,335,0,0,608086317.063414,67047.000000,34771.000000,1
1,538208.802342,3541,335,1,0,47987796.004286,2480.000000,996.000000,1
0,170432.309226,5,340,0,0,627623471.065483,2324.000000,1260.000000,0
1,170432.309226,5,340,1,0,49000332.004437,1113.000000,1025.000000,0
0,990234.106671,935,345,0,0,685796185.072889,104136.000000,2397.000000,1
1,990234.106671,935,345,1,0,52467156.004788,2600.000000,1001.000000,1
0,104292.692752,671,200,0,0,3345598.000254,4543.000000,980.000000,0
1,104292.692752,671,200,1,0,380415.000020,2215.000000,1838.000000,0
0,389311.602472,8032,205,0,0,10055002.002800,4980.000000,1441.000000,1
1,389311.602472,8032,205,1,0,1055355.000235,808.000000,39647.000000,1
0,97735.796668,1141,210,0,0,13846108.003263,2097.000000,1035.000000,0
1,97735.796668,1141,210,1,0,1408793.000282,966.000000,754.000000,0
0,214895.190350,2088,215,0,0,22479039.005702,39380.000000,2481.000000,1
1,214895.190350,2088,215,1,0,2238079.000491,2385.000000,5702.000000,1
0,186844.347195,294,220,0,0,27482108.005775,1841.000000,1091.000000,0
1,186844.347195,294,220,1,0,2690073.000498,934.000000,767.000000,0
0,389107.907840,43,225,0,0,38745195.007286,4081.000000,39599.000000,1
1,389107.907840,43,225,1,0,3765621.000621,39361.000000,839.000000,1
0,96500.008718,19,230,0,0,44933853.007301,2528.000000,1006.000000,0
1,96500.008718,19,230,1,0,4307857.000623,991.000000,858.000000,0
0,293496.382283,1514,235,0,0,59979925.008103,3944.000000,1026.000000,1
1,293496.382283,1514,235,1,0,5564650.000681,1966.000000,837.000000,1
0,158208.802222,2608,240,0,0,65142904.009647,2327.000000,1113.000000,0
1,158208.802222,2608,240,1,0,5985518.000796,1023.000000,906.000000,0
0,679687.663174,5099,245,0,0,80872782.011647,4419.000000,44730.000000,1
1,679687.663174,5099,245,1,0,7319658.000957,2116.000000,903.000000,1
0,230270.270187,365,250,0,0,87215360.012861,2132.000000,1076.000000,0
1,230270.270187,365,250,1,0,7822464.001053,1084.000000,890.000000,0
0,804570.199462,1755,255,0,0,106740211.014922,10698.000000,2037.000000,1
1,804570.199462,1755,255,1,0,9473399.001197,830.000000,1753.000000,1
0,186775.555573,1641,260,0,0,115000677.015630,2422.000000,1179.000000,0
1,186775.555573,1641,260,1,0,10053362.001254,959.000000,922.000000,0
0,430207.461322,7657,265,0,0,135294934.018783,4627.000000,2440.000000,1
1,430207.461322,7657,265,1,0,11580152.001459,898.000000,2117.000000,1
0,102171.675751,5074,270,0,0,143102710.020768,2193.000000,1397.000000,0
1,102171.675751,5074,270,1,0,12089282.001583,975.000000,914.000000,0
0,605649.516179,5573,275,0,0,167675170.023787,4351.000000,1104.000000,1
1,605649.516179,5573,275,1,0,13823387.001787,2162.000000,1828.000000,1
0,331455.638366,326,280,0,0,176690864.025679,2168.000000,1194.000000,0
1,331455.638366,326,280,1,0,14467698.001922,996.000000,941.000000,0
0,870039.867550,5014,285,0,0,202708740.031044,5176.000000,2206.000000,1
1,870039.867550,5014,285,1,0,16102341.002234,1028.000000,1958.000000,1
0,246858.090511,3172,290,0,0,212353647.033905,2215.000000,1271.000000,0
1,246858.090511,3172,290,1,0,16739175.002425,972.000000,960.000000,0
0,877456.770887,612,295,0,0,240581725.041490,4022.000000,1024.000000,1
1,877456.770887,612,295,1,0,18586776.002855,1883.000000,868.000000,1
0,391714.938830,3955,300,0,0,252717631.043838,1769.000000,1208.000000,0
1,391714.938830,3955,300,1,0,19376051.003006,1178.000000,939.000000,0
0,847098.877918,2321,305,0,0,281175677.054268,4408.000000,1148.000000,1
1,847098.877918,2321,305,1,0,21158201.003626,2374.000000,934.000000,1
0,114212.590438,2355,310,0,0,293975780.057439,2450.000000,1250.000000,0
1,114212.590438,2355,310,1,0,21930972.003821,1035.000000,1059.000000,0
0,1290500.668712,1870,315,0,0,339877720.058872,4283.000000,2273.000000,1
1,1290500.668712,1870,315,1,0,24801730.003914,990.000000,2073.000000,1
0,156996.863921,951,320,0,0,357176586.059943,2792.000000,1226.000000,0
1,156996.863921,951,320,1,0,25922589.003991,1165.000000,986.000000,0
0,430636.676272,958,325,0,0,405780157.063890,44216.000000,2413.000000,1
1,430636.676272,958,325,1,0,29014284.004212,1040.000000,2083.000000,1
0,315694.088439,54,330,0,0,429105871.064292,2754.000000,1174.000000,0
1,315694.088439,54,330,1,0,30486586.004280,1119.000000,1040.000000,0
0,811863.282693,16459,335,0,0,474035220.074045,4765.000000,1127.000000,1
1,811863.282693,16459,335,1,0,33398883.004830,1967.000000,9726.000000,1
0,255325.666588,1303,340,0,0,495178208.075405,35091.000000,1208.000000,0
1,255325.666588,1303,340,1,0,34641107.004905,1015.000000,967.000000,0
0,777693.000343,4813,345,0,0,539544472.090351,4209.000000,2350.000000,1
1,777693.000343,4813,345,1,0,37422053.005704,2329.000000,948.000000,1
0,219856.831472,337,200,0,0,3258276.000206,3615.000000,907.000000,0
1,219856.831472,337,200,1,0,337599.000019,2174.000000,1625.000000,0
0,575349.686032,29,205,0,0,13647110.000265,3757.000000,835.000000,1
1,575349.686032,29,205,1,0,1175498.000025,928.000000,1701.000000,1
0,133101.893115,797,210,0,0,18183113.000501,1937.000000,968.000000,0
1,133101.893115,797,210,1,0,1647783.000047,955.000000,796.000000,0
0,371660.946176,6904,215,0,0,26594017.002571,72250.000000,882.000000,1
1,371660.946176,6904,215,1,0,2377369.000228,825.000000,2037.000000,1
0,200750.282704,386,220,0,0,30186436.003524,2639.000000,1072.000000,0
1,200750.282704,386,220,1,0,2667092.000305,899.000000,1002.000000,0
0,436245.737371,9599,225,0,0,39376034.007491,4919.000000,954.000000,1
1,436245.737371,9599,225,1,0,3498154.000671,2142.000000,913.000000,1
0,119864.084885,2398,230,0,0,43978624.008682,2310.000000,1085.000000,0
1,119864.084885,2398,230,1,0,3898897.000761,973.000000,818.000000,0
0,303276.821904,1339,235,0,0,59788153.011193,4235.000000,974.000000,1
1,303276.821904,1339,235,1,0,5094651.000948,2132.000000,837.000000,1
0,261014.613646,338,240,0,0,66789059.011520,2451.000000,1040.000000,0
1,261014.613646,338,240,1,0,5591261.000980,912.000000,837.000000,0
0,231673.804860,804,245,0,0,86061726.011829,4909.000000,955.000000,1
1,231673.804860,804,245,1,0,6981068.001006,1996.000000,820.000000,1
0,89632.019129,3093,250,0,0,92451636.012835,1923.000000,1118.000000,0
1,89632.019129,3093,250,1,0,7424273.001080,1025.000000,951.000000,0
0,304424.014978,2532,255,0,0,112639745.015277,46207.000000,2981.000000,1
1,304424.014978,2532,255,1,0,8660180.001243,1148.000000,2965.000000,1
0,116647.088335,100,260,0,0,120302086.016254,2902.000000,1493.000000,0
1,116647.088335,100,260,1,0,9145003.001306,1146.000000,1179.000000,0
0,278256.882767,545,265,0,0,140195656.020996,4326.000000,2021.000000,1
1,278256.882767,545,265,1,0,10425969.001618,812.000000,1783.000000,1
0,347864.471420,2219,270,0,0,148149687.022307,2075.000000,1198.000000,0
1,347864.471420,2219,270,1,0,10924740.001706,915.000000,895.000000,0
0,410593.993549,481,275,0,0,181390226.022567,5046.000000,1451.000000,1
1,410593.993549,481,275,1,0,13196388.001726,2124.000000,1976.000000,1
0,272214.049996,686,280,0,0,195053390.022786,2159.000000,1242.000000,0
1,272214.049996,686,280,1,0,14162821.001766,1564.000000,944.000000,0
0,336119.352040,11294,285,0,0,227664728.031822,6097.000000,2580.000000,1
1,336119.352040,11294,285,1,0,17157789.002357,939.000000,1997.000000,1
0,461535.714075,43,290,0,0,245768861.031909,2373.000000,1214.000000,0
1,461535.714075,43,290,1,0,18887298.002364,1004.000000,844.000000,0
0,726583.974720,5701,295,0,0,296927703.036184,6562.000000,1661.000000,1
1,726583.974720,5701,295,1,0,24052772.002613,3374.000000,1132.000000,1
0,373864.760537,1141,300,0,0,309575450.039067,2002.000000,1277.000000,0
1,373864.760537,1141,300,1,0,25057055.002800,997.000000,1030.000000,0
0,257740.234761,9655,305,0,0,342029450.053330,4995.000000,1222.000000,1
1,257740.234761,9655,305,1,0,27942399.004099,2302.000000,974.000000,1
0,239771.599317,2275,310,0,0,356618405.057179,2463.000000,1279.000000,0
1,239771.599317,2275,310,1,0,28921159.004438,1087.000000,1410.000000,0
0,875459.743854,13087,315,0,0,398265643.067218,8269.000000,3726.000000,1
1,875459.743854,13087,315,1,0,32331325.004981,1375.000000,3141.000000,1
0,478532.357009,3136,320,0,0,418746141.069273,2321.000000,1243.000000,0
1,478532.357009,3136,320,1,0,33559850.005112,1083.000000,1033.000000,0
0,1138055.456192,1043,325,0,0,473191401.076629,9661.000000,5846.000000,1
1,1138055.456192,1043,325,1,0,39678189.005697,1871.000000,2754.000000,1
0,342545.379766,8623,330,0,0,492624191.081518,2282.000000,1287.000000,0
1,342545.379766,8623,330,1,0,41270245.006005,1716.000000,1364.000000,0
0,609962.903344,1127,335,0,0,560124178.082754,4556.000000,1297.000000,1
1,609962.903344,1127,335,1,0,46567903.006071,2337.000000,101841.000000,1
0,475137.092740,351,340,0,0,584370114.083992,3245.000000,2845.000000,0
1,475137.092740,351,340,1,0,48015399.006147,1112.000000,1739.000000,0
0,730855.569458,11400,345,0,0,762762378.097333,38854.000000,2254.000000,1
1,730855.569458,11400,345,1,0,63393089.007268,58271.000000,34244.000000,1
